[{"elements":[{"options":[],"codename":"belt_type","name":"Belt Type","type":"modular_content"},{"options":[],"codename":"pitch","name":"Pitch","type":"text"}],"system":{"codename":"belt_pitch","id":"b57660c3-4df3-45b3-bd8c-dce5cd4bf81b","name":"Belt Pitch"}},{"elements":[{"options":[],"codename":"belt_pitches","name":"Belt Pitches","type":"modular_content"},{"options":[],"codename":"url_slug","name":"Url Slug","type":"url_slug"},{"options":[],"codename":"title","name":"Title","type":"text"}],"system":{"codename":"belt_series","id":"77df8315-318a-4809-b1a5-5717b1e04918","name":"Belt Series"}},{"elements":[{"options":[],"codename":"url_slug","name":"URL slug","type":"url_slug"},{"options":[],"codename":"name","name":"Name","type":"text"}],"system":{"codename":"belt_type","id":"3b33b213-c5b1-4071-9a3e-92eaebb2a8a6","name":"Belt Type"}}]