[{"codename":"belt_pitch_1","id":"7ca18d38-ab95-4225-8f42-aa898b8f12eb","name":"Belt Pitch 1","typeCodename":"belt_pitch"},{"codename":"belt_type_1","id":"c93b0c85-3ce3-4405-ac9e-a46d1af68444","name":"Belt Type 1","typeCodename":"belt_type"},{"codename":"belt_pitch_2","id":"f6ce35b7-d24c-45b0-8794-8eaac70cd33c","name":"Belt Pitch 2","typeCodename":"belt_pitch"},{"codename":"belt_type_2_aedcb2a","id":"aedcb2ae-0a54-4bdc-b1e8-3841d2b1bcba","name":"Belt Type 2","typeCodename":"belt_type"},{"codename":"belt_pitch_a","id":"d654a1eb-9046-45e9-a237-9efbef61e53e","name":"Belt Pitch A","typeCodename":"belt_pitch"},{"codename":"belt_type_a","id":"49a33786-c36d-4a35-9ea1-1b0000803f6f","name":"Belt Type A","typeCodename":"belt_type"},{"codename":"belt_serie_1","id":"2937f403-7813-405a-9c66-c7e94653cbd7","name":"Belt Serie 1","typeCodename":"belt_series"},{"codename":"belt_serie_1__copy_","id":"056d2e62-05ea-4ad2-9e31-7faad18a0dd3","name":"Belt Serie A","typeCodename":"belt_series"},{"codename":"belt_type_2","id":"729687a9-ccd4-4c83-bbe4-66f4f52042f2","name":"Belt Type 2","typeCodename":"belt_type"},{"codename":"no_series","id":"1ff6fcdf-06be-4fdc-ab4b-1fe429178503","name":"No Series","typeCodename":"belt_pitch"}]