[{"itemCodename":"belt_pitch_1","itemId":"7ca18d38-ab95-4225-8f42-aa898b8f12eb","languageCodename":"en","elements":[{"value":["belt_type_1"],"elementCodename":"belt_type","elementModel":{"codename":"belt_type","type":"modular_content","name":"Belt Type","options":[]}},{"value":"Belt pitch 1","elementCodename":"pitch","elementModel":{"codename":"pitch","type":"text","name":"Pitch","options":[]}}]},{"itemCodename":"belt_type_1","itemId":"c93b0c85-3ce3-4405-ac9e-a46d1af68444","languageCodename":"en","elements":[{"value":"Belt Type 1","elementCodename":"name","elementModel":{"codename":"name","type":"text","name":"Name","options":[]}},{"value":"belt-type-1","elementCodename":"url_slug","elementModel":{"codename":"url_slug","type":"url_slug","name":"URL slug","options":[]}}]},{"itemCodename":"belt_pitch_2","itemId":"f6ce35b7-d24c-45b0-8794-8eaac70cd33c","languageCodename":"en","elements":[{"value":["belt_type_2_aedcb2a"],"elementCodename":"belt_type","elementModel":{"codename":"belt_type","type":"modular_content","name":"Belt Type","options":[]}},{"value":"Belt pitch 2","elementCodename":"pitch","elementModel":{"codename":"pitch","type":"text","name":"Pitch","options":[]}}]},{"itemCodename":"belt_type_2_aedcb2a","itemId":"aedcb2ae-0a54-4bdc-b1e8-3841d2b1bcba","languageCodename":"en","elements":[{"value":"Belt Type 2","elementCodename":"name","elementModel":{"codename":"name","type":"text","name":"Name","options":[]}},{"value":"belt-type-2","elementCodename":"url_slug","elementModel":{"codename":"url_slug","type":"url_slug","name":"URL slug","options":[]}}]},{"itemCodename":"belt_pitch_a","itemId":"d654a1eb-9046-45e9-a237-9efbef61e53e","languageCodename":"en","elements":[{"value":["belt_type_a"],"elementCodename":"belt_type","elementModel":{"codename":"belt_type","type":"modular_content","name":"Belt Type","options":[]}},{"value":"Belt Pitch A","elementCodename":"pitch","elementModel":{"codename":"pitch","type":"text","name":"Pitch","options":[]}}]},{"itemCodename":"belt_type_a","itemId":"49a33786-c36d-4a35-9ea1-1b0000803f6f","languageCodename":"en","elements":[{"value":"Belt Type A","elementCodename":"name","elementModel":{"codename":"name","type":"text","name":"Name","options":[]}},{"value":"belt-type-a","elementCodename":"url_slug","elementModel":{"codename":"url_slug","type":"url_slug","name":"URL slug","options":[]}}]},{"itemCodename":"belt_serie_1","itemId":"2937f403-7813-405a-9c66-c7e94653cbd7","languageCodename":"en","elements":[{"value":"Belt serie 1","elementCodename":"title","elementModel":{"codename":"title","type":"text","name":"Title","options":[]}},{"value":"belt-serie-1","elementCodename":"url_slug","elementModel":{"codename":"url_slug","type":"url_slug","name":"Url Slug","options":[]}},{"value":["belt_pitch_1","belt_pitch_2"],"elementCodename":"belt_pitches","elementModel":{"codename":"belt_pitches","type":"modular_content","name":"Belt Pitches","options":[]}}]},{"itemCodename":"belt_serie_1__copy_","itemId":"056d2e62-05ea-4ad2-9e31-7faad18a0dd3","languageCodename":"en","elements":[{"value":"Belt serie A","elementCodename":"title","elementModel":{"codename":"title","type":"text","name":"Title","options":[]}},{"value":"belt-serie-a","elementCodename":"url_slug","elementModel":{"codename":"url_slug","type":"url_slug","name":"Url Slug","options":[]}},{"value":["belt_pitch_a"],"elementCodename":"belt_pitches","elementModel":{"codename":"belt_pitches","type":"modular_content","name":"Belt Pitches","options":[]}}]},{"itemCodename":"belt_type_2","itemId":"729687a9-ccd4-4c83-bbe4-66f4f52042f2","languageCodename":"en","elements":[{"value":"Belt Type 2","elementCodename":"name","elementModel":{"codename":"name","type":"text","name":"Name","options":[]}},{"value":"belt-type-2","elementCodename":"url_slug","elementModel":{"codename":"url_slug","type":"url_slug","name":"URL slug","options":[]}}]},{"itemCodename":"no_series","itemId":"1ff6fcdf-06be-4fdc-ab4b-1fe429178503","languageCodename":"en","elements":[{"value":["belt_type_a"],"elementCodename":"belt_type","elementModel":{"codename":"belt_type","type":"modular_content","name":"Belt Type","options":[]}},{"value":"No Series","elementCodename":"pitch","elementModel":{"codename":"pitch","type":"text","name":"Pitch","options":[]}}]},{"itemCodename":"belt_pitch_1","itemId":"7ca18d38-ab95-4225-8f42-aa898b8f12eb","languageCodename":"en","elements":[{"value":["belt_type_1"],"elementCodename":"belt_type","elementModel":{"codename":"belt_type","type":"modular_content","name":"Belt Type","options":[]}},{"value":"Belt pitch 1","elementCodename":"pitch","elementModel":{"codename":"pitch","type":"text","name":"Pitch","options":[]}}]},{"itemCodename":"belt_type_1","itemId":"c93b0c85-3ce3-4405-ac9e-a46d1af68444","languageCodename":"en","elements":[{"value":"Belt Type 1","elementCodename":"name","elementModel":{"codename":"name","type":"text","name":"Name","options":[]}},{"value":"belt-type-1","elementCodename":"url_slug","elementModel":{"codename":"url_slug","type":"url_slug","name":"URL slug","options":[]}}]},{"itemCodename":"belt_pitch_2","itemId":"f6ce35b7-d24c-45b0-8794-8eaac70cd33c","languageCodename":"en","elements":[{"value":["belt_type_2_aedcb2a"],"elementCodename":"belt_type","elementModel":{"codename":"belt_type","type":"modular_content","name":"Belt Type","options":[]}},{"value":"Belt pitch 2","elementCodename":"pitch","elementModel":{"codename":"pitch","type":"text","name":"Pitch","options":[]}}]},{"itemCodename":"belt_type_2_aedcb2a","itemId":"aedcb2ae-0a54-4bdc-b1e8-3841d2b1bcba","languageCodename":"en","elements":[{"value":"Belt Type 2","elementCodename":"name","elementModel":{"codename":"name","type":"text","name":"Name","options":[]}},{"value":"belt-type-2","elementCodename":"url_slug","elementModel":{"codename":"url_slug","type":"url_slug","name":"URL slug","options":[]}}]},{"itemCodename":"belt_pitch_a","itemId":"d654a1eb-9046-45e9-a237-9efbef61e53e","languageCodename":"en","elements":[{"value":["belt_type_a"],"elementCodename":"belt_type","elementModel":{"codename":"belt_type","type":"modular_content","name":"Belt Type","options":[]}},{"value":"Belt Pitch A","elementCodename":"pitch","elementModel":{"codename":"pitch","type":"text","name":"Pitch","options":[]}}]},{"itemCodename":"belt_type_a","itemId":"49a33786-c36d-4a35-9ea1-1b0000803f6f","languageCodename":"en","elements":[{"value":"Belt Type A","elementCodename":"name","elementModel":{"codename":"name","type":"text","name":"Name","options":[]}},{"value":"belt-type-a","elementCodename":"url_slug","elementModel":{"codename":"url_slug","type":"url_slug","name":"URL slug","options":[]}}]},{"itemCodename":"belt_serie_1","itemId":"2937f403-7813-405a-9c66-c7e94653cbd7","languageCodename":"en","elements":[{"value":"Belt serie 1","elementCodename":"title","elementModel":{"codename":"title","type":"text","name":"Title","options":[]}},{"value":"belt-serie-1","elementCodename":"url_slug","elementModel":{"codename":"url_slug","type":"url_slug","name":"Url Slug","options":[]}},{"value":["belt_pitch_1","belt_pitch_2"],"elementCodename":"belt_pitches","elementModel":{"codename":"belt_pitches","type":"modular_content","name":"Belt Pitches","options":[]}}]},{"itemCodename":"belt_serie_1__copy_","itemId":"056d2e62-05ea-4ad2-9e31-7faad18a0dd3","languageCodename":"en","elements":[{"value":"Belt serie A","elementCodename":"title","elementModel":{"codename":"title","type":"text","name":"Title","options":[]}},{"value":"belt-serie-a","elementCodename":"url_slug","elementModel":{"codename":"url_slug","type":"url_slug","name":"Url Slug","options":[]}},{"value":["belt_pitch_a"],"elementCodename":"belt_pitches","elementModel":{"codename":"belt_pitches","type":"modular_content","name":"Belt Pitches","options":[]}}]},{"itemCodename":"belt_type_2","itemId":"729687a9-ccd4-4c83-bbe4-66f4f52042f2","languageCodename":"en","elements":[{"value":"Belt Type 2","elementCodename":"name","elementModel":{"codename":"name","type":"text","name":"Name","options":[]}},{"value":"belt-type-2","elementCodename":"url_slug","elementModel":{"codename":"url_slug","type":"url_slug","name":"URL slug","options":[]}}]},{"itemCodename":"no_series","itemId":"1ff6fcdf-06be-4fdc-ab4b-1fe429178503","languageCodename":"en","elements":[{"value":["belt_type_a"],"elementCodename":"belt_type","elementModel":{"codename":"belt_type","type":"modular_content","name":"Belt Type","options":[]}},{"value":"No Series","elementCodename":"pitch","elementModel":{"codename":"pitch","type":"text","name":"Pitch","options":[]}}]}]